{
  "oran": {
    "center": [35.7, -0.6],
    "zoom": 10,
    "communes": {
      "ORAN_PARTIE_EST": [35.7067, -0.6120],
      "ORAN_PARTIE_OUEST_ET_SUD": [35.6890, -0.6558],
      "BIR_EL_DJIR": [35.719874, -0.567512],
      "HASSI_BOUNIF": [35.691281, -0.497962],
      "HASSI_BENOKBA": [35.72617, -0.46585],
      "GDYEL": [35.782485, -0.424204],
      "HASSI_MEFSOUKH": [35.800693, -0.376532],
      "BENFRAHA": [35.69366, -0.41873],
      "ARZEW": [35.856348, -0.313678],
      "SIDI_BENYABKA": [35.829287, -0.393432],
      "BETHIOUA": [35.805837, -0.267936],
      "MERS_ELHADJADJ": [35.794885, -0.165213],
      "AIN_EL_BIA": [35.813327, -0.287125],
      "AIN_TURCK": [35.746429, -0.771346],
      "MERS_EL_KEBIR": [35.727722, -0.708545],
      "BOUSFER": [35.701233, -0.810392],
      "EL_ANCOR": [35.684852, -0.869958],
      "ES_SENIA": [35.6501, -0.62418],
      "SIDI_CHAMI": [35.657994, -0.522015],
      "EL_KERMA": [35.618681, -0.579845],
      "BOUTLELIS": [35.57294, -0.899845],
      "MISSERGHINE": [35.609321, -0.733315],
      "AIN_EL_KERMA": [35.64345, -0.976543],
      "OUED_TLELAT": [35.551924, -0.45226],
      "EL_BRAYA": [35.629146, -0.519191],
      "BOUFATIS": [35.679141, -0.411768],
      "TAFRAOUI": [35.483073, -0.526979],
      "HASSI_BEN_OKBA": [35.72617, -0.46585],
      "BENFREHA": [35.69366, -0.41873],
      "MERS_EL_HADJADJ": [35.794885, -0.165213],
      "SIDI_BENYEBKA": [35.829287, -0.393432]
    }
  },
  "relizane": {
    "center": [35.9, 0.8],
    "zoom": 9,
    "communes": {
      "RELIZANE": [35.7373, 0.5559],
      "OUED_RHIOU": [35.9612, 0.9168],
      "BENI_ZENTIS": [36.0028, 0.7709],
      "BELAASEL_BOUZEGZA": [35.8118, 0.5471],
      "BENI_DORGUOUN": [35.7570, 1.0118],
      "EL_KALAA": [35.5802, 0.3236],
      "LEHLAF": [35.8660, 0.9240],
      "MEDIOUNA": [36.0335, 0.8245],
      "MENDES": [35.4859, 0.8122],
      "MERDJA_SIDI_ABED": [35.9526, 0.8659],
      "OUARIZANE": [36.0401, 0.9329],
      "OUED_ESSALAM": [35.5921, 0.8752],
      "OULED_YAICH": [35.9554, 1.0429],
      "OULED_SIDI_MIHOUB": [36.0383, 0.6510],
      "REMKA": [35.8504, 1.0362],
      "DAR_BENABDELLAH": [35.6812, 0.6559],
      "EL_GUETTAR": [36.0592, 0.7607],
      "EL_HASSI": [35.8817, 0.9950],
      "EL_OULDJA": [35.8290, 1.1355],
      "HAD_CHEKALA": [35.8080, 0.9918],
      "HAMRI": [35.9188, 0.6123],
      "SIDI_MHAMED_BENAOUDA": [35.6112, 0.5304],
      "SIDI_SAADA": [35.7145, 0.1709],
      "SOUK_EL_HAD": [35.9084, 1.0826],
      "SIDI_KHATTAB": [35.8545, 0.6054],
      "SIDI_LAZREG": [35.4987, 0.7020],
      "AIN_EL_RAHMA": [35.5343, 0.3557],
      "AIN_TARIK": [35.7762, 1.0532],
      "MAZOUNA": [36.1241, 0.8745],
      "AMMI_MOUSSA": [35.8696, 1.1159],
      "DJIDIOUIA": [35.9320, 0.8307],
      "EL_MATMAR": [35.7380, 0.4637],
      "YELLEL": [35.7234, 0.3443],
      "ZEMMOURA": [35.6134, 0.7512],
      "EL_HMADNA": [35.8829, 0.7662],
      "SIDI_MHAMED_BENALI": [36.1137, 0.8240],
      "OUED_EL_DJEMAA": [35.8165, 0.6909],
      "BENDAOUD": [35.6880, 0.5059]
    }
  }
}
